expNumber,#,datetime,ms,Net_Sent,pgpgin,Tcp_Established,pgmajfault,OperatingSystemImpl.ProcessCpuLoad,OperatingSystemImpl.FreeSwapSpaceSize,pgalloc_dma,OperatingSystemImpl.FreePhysicalMemorySize,Cached,pgfault,Buffers,nr_active_file,nr_inactive_file,Inactive,Tcp_Listen,Net_Received,Tcp_TimeWait,Tcp_Syn,pgdeactivate,Tcp_Close,SwapFree,pgfree,Active,OperatingSystemImpl.CommittedVirtualMemorySize,MemFree,pgpgout,OperatingSystemImpl.ProcessCpuTime,pgactivate
1,1,Tue Apr 18 11:20:11 CEST 2017,1492507211359,0,929949,0,4438,0.5714285714285714,733593600,13613,199467008,178900,1466529,10900,29338,14943,443788,4,0,0,0,247674,0,716400,47130307,1283660,2547662848,192900,320416,2280000000,167553
1,2,Tue Apr 18 11:20:11 CEST 2017,1492507211459,0,930113,0,4438,0.45454545454545453,733593600,13613,192069632,181568,1467698,10920,29338,14987,446296,4,0,0,0,247674,0,716400,47130447,1291316,2547662848,182576,320416,2330000000,167555
1,3,Tue Apr 18 11:20:11 CEST 2017,1492507211559,0,930173,0,4438,0.4,733593600,13613,183021568,181568,1468737,10920,29338,14987,446296,4,0,0,0,247674,0,716400,47133243,1290304,2548830208,183320,320416,2370000000,167556
1,4,Tue Apr 18 11:20:11 CEST 2017,1492507211659,0,930857,0,4443,0.1111111111111111,733593600,13613,187338752,182324,1468973,10932,29349,15163,447000,4,0,0,0,247674,0,716400,47135082,1290436,2548830208,182824,320416,2380000000,167557
1,5,Tue Apr 18 11:20:11 CEST 2017,1492507211759,0,930857,0,4443,0.2727272727272727,733593600,13613,187179008,182324,1469154,10932,29349,15163,447000,4,0,0,0,247674,0,716400,47139911,1290436,2548830208,182792,320416,2410000000,167557
1,6,Tue Apr 18 11:20:11 CEST 2017,1492507211859,0,930857,0,4443,0.0,733593600,13613,187179008,182324,1469335,10932,29349,15163,447000,4,0,0,0,247674,0,716400,47140049,1290436,2548830208,182792,320416,2410000000,167557
1,7,Tue Apr 18 11:20:11 CEST 2017,1492507211959,0,930857,0,4443,0.2222222222222222,733593600,13613,187179008,182324,1469521,10932,29349,15163,447000,4,0,0,0,247674,0,716400,47140190,1290436,2548830208,182792,320416,2430000000,167557
1,8,Tue Apr 18 11:20:12 CEST 2017,1492507212059,0,930857,0,4443,0.2,733593600,13613,187179008,182324,1469705,10932,29349,15163,447000,4,0,0,0,247674,0,716400,47140328,1290436,2548830208,182792,320416,2450000000,167558
1,9,Tue Apr 18 11:20:12 CEST 2017,1492507212159,0,930857,0,4443,0.1111111111111111,733593600,13613,187179008,182324,1469888,10932,29349,15163,447000,4,0,0,0,247674,0,716400,47140466,1290436,2548830208,182792,320416,2460000000,167558
1,10,Tue Apr 18 11:20:12 CEST 2017,1492507212259,0,930857,0,4443,0.1,733593600,13613,187179008,182324,1470071,10932,29349,15163,447000,4,0,0,0,247674,0,716400,47140610,1290436,2548830208,182792,320416,2470000000,167558
1,11,Tue Apr 18 11:20:12 CEST 2017,1492507212359,0,930857,0,4443,0.2222222222222222,733593600,13613,187211776,182304,1470267,10932,29354,15167,447016,4,0,0,0,247674,0,716400,47140748,1290528,2548830208,182824,320416,2490000000,167558
1,12,Tue Apr 18 11:20:12 CEST 2017,1492507212459,0,930857,0,4443,0.0,733593600,13613,187211776,182304,1470464,10932,29354,15167,447016,4,0,0,0,247674,0,716400,47140887,1290572,2548830208,182824,320416,2490000000,167558
1,13,Tue Apr 18 11:20:12 CEST 2017,1492507212559,0,930857,0,4443,0.3,733593600,13613,187084800,182304,1470646,10932,29354,15167,447016,4,0,0,0,247674,0,716400,47141027,1290572,2548830208,182700,320416,2520000000,167558
1,14,Tue Apr 18 11:20:12 CEST 2017,1492507212659,0,930857,0,4443,0.2,733593600,13613,187084800,182304,1470834,10932,29354,15167,447016,4,0,0,0,247674,0,716400,47141167,1290572,2548830208,182700,320416,2540000000,167558
1,15,Tue Apr 18 11:20:12 CEST 2017,1492507212759,0,930857,0,4443,0.125,733593600,13613,187084800,182304,1471037,10932,29354,15167,447016,4,0,0,0,247674,0,716400,47141305,1290660,2548830208,182700,320416,2550000000,167558
1,16,Tue Apr 18 11:20:12 CEST 2017,1492507212859,0,930857,0,4443,0.3333333333333333,733593600,13613,185942016,182304,1471497,10932,29354,15167,447016,4,0,0,0,247674,0,716400,47141446,1291760,2548830208,181584,320416,2580000000,167558
1,17,Tue Apr 18 11:20:12 CEST 2017,1492507212959,0,930857,0,4443,0.1,733593600,13613,185942016,182304,1471686,10932,29354,15167,447016,4,0,0,0,247674,0,716400,47141586,1291804,2548830208,181584,320416,2590000000,167558
1,18,Tue Apr 18 11:20:13 CEST 2017,1492507213059,0,930857,0,4443,0.1,733593600,13613,185942016,182304,1471874,10932,29354,15167,447016,4,0,0,0,247674,0,716400,47141724,1291804,2548830208,181584,320416,2600000000,167558
1,19,Tue Apr 18 11:20:13 CEST 2017,1492507213159,0,930857,0,4443,0.125,733593600,13613,185815040,182304,1472069,10932,29354,15167,447016,4,0,0,0,247674,0,716400,47141862,1291848,2548830208,181460,320416,2610000000,167558
1,20,Tue Apr 18 11:20:13 CEST 2017,1492507213259,0,930857,0,4443,0.3,733593600,13613,185815040,182304,1472256,10932,29354,15167,447016,4,0,0,0,247674,0,716400,47142003,1291848,2548830208,181460,320416,2640000000,167558
1,21,Tue Apr 18 11:20:13 CEST 2017,1492507213359,0,930857,0,4443,0.0,733593600,13613,185815040,182304,1472439,10932,29354,15167,447016,4,0,0,0,247674,0,716400,47142142,1291848,2548830208,181460,320416,2640000000,167558
1,22,Tue Apr 18 11:20:13 CEST 2017,1492507213459,0,930857,0,4443,0.2222222222222222,733593600,13613,185815040,182304,1472632,10932,29354,15167,447016,4,0,0,0,247674,0,716400,47142634,1291892,2548830208,181428,320416,2660000000,167558
1,23,Tue Apr 18 11:20:13 CEST 2017,1492507213559,0,930857,0,4443,0.1,733593600,13613,185782272,182304,1472816,10932,29354,15167,447016,4,0,0,0,247674,0,716400,47145585,1291892,2548830208,181428,320416,2670000000,167558
1,24,Tue Apr 18 11:20:13 CEST 2017,1492507213659,0,930857,0,4443,0.0,733593600,13613,185782272,182304,1473006,10932,29354,15167,447016,4,0,0,0,247674,0,716400,47152022,1291936,2548830208,181428,320416,2670000000,167558
1,25,Tue Apr 18 11:20:13 CEST 2017,1492507213759,0,930857,0,4443,0.1,733593600,13613,185782272,182304,1473190,10932,29354,15167,447016,4,0,0,0,247674,0,716400,47152162,1291936,2548830208,181428,320416,2680000000,167558
1,26,Tue Apr 18 11:20:13 CEST 2017,1492507213859,0,930857,0,4443,0.0,733593600,13613,185688064,182304,1473373,10932,29354,15167,447016,4,0,0,0,247674,0,716400,47152299,1291936,2548830208,181336,320416,2680000000,167558
1,27,Tue Apr 18 11:20:13 CEST 2017,1492507213959,0,930857,0,4443,0.2,733593600,13613,185688064,182304,1473562,10932,29354,15167,447016,4,0,0,0,247674,0,716400,47152435,1291936,2548830208,181336,320416,2700000000,167558
1,28,Tue Apr 18 11:20:14 CEST 2017,1492507214059,0,930857,0,4443,0.2222222222222222,733593600,13613,185688064,182304,1473751,10932,29354,15167,447016,4,0,0,0,247674,0,716400,47152765,1291980,2548830208,181336,320416,2720000000,167558
1,29,Tue Apr 18 11:20:14 CEST 2017,1492507214159,0,930857,0,4443,0.09090909090909091,733593600,13613,185688064,182304,1473938,10932,29354,15167,447016,4,0,0,0,247674,0,716400,47155793,1291980,2548830208,181336,320416,2730000000,167558
1,30,Tue Apr 18 11:20:14 CEST 2017,1492507214259,0,930857,0,4443,0.2222222222222222,733593600,13613,185688064,182296,1474124,10940,29354,15167,447012,4,0,0,0,247674,0,716400,47155933,1291976,2548830208,181336,320472,2750000000,167560
1,31,Tue Apr 18 11:20:14 CEST 2017,1492507214359,0,930857,0,4443,0.2222222222222222,733593600,13613,185688064,182296,1474310,10940,29354,15167,447012,4,0,0,0,247674,0,716400,47156074,1292020,2548830208,181336,320472,2770000000,167560
1,32,Tue Apr 18 11:20:14 CEST 2017,1492507214459,0,930857,0,4443,0.1111111111111111,733593600,13613,185688064,182296,1474492,10940,29354,15167,447012,4,0,0,0,247674,0,716400,47156214,1292020,2548830208,181336,320472,2780000000,167560
1,33,Tue Apr 18 11:20:14 CEST 2017,1492507214559,0,930857,0,4443,0.7,733593600,13613,185688064,182296,1474683,10940,29354,15167,447012,4,0,0,0,247674,0,716400,47156355,1292020,2548830208,181336,320472,2850000000,167560
1,34,Tue Apr 18 11:20:14 CEST 2017,1492507214659,0,930857,0,4443,0.2222222222222222,733593600,13613,185688064,182296,1474865,10940,29354,15167,447012,4,0,0,0,247674,0,716400,47156585,1292020,2548830208,181336,320472,2870000000,167560
1,35,Tue Apr 18 11:20:14 CEST 2017,1492507214759,0,930857,0,4443,0.1,733593600,13613,185561088,182296,1475053,10940,29354,15167,447012,4,0,0,0,247674,0,716400,47159708,1292064,2548830208,181212,320472,2880000000,167560
1,36,Tue Apr 18 11:20:14 CEST 2017,1492507214859,0,930857,0,4443,0.0,733593600,13613,185561088,182296,1475236,10940,29354,15167,447012,4,0,0,0,247674,0,716400,47159851,1292064,2548830208,181212,320472,2880000000,167560
1,37,Tue Apr 18 11:20:14 CEST 2017,1492507214959,0,930857,0,4443,0.1,733593600,13613,185561088,182296,1475417,10940,29354,15167,447012,4,0,0,0,247674,0,716400,47159992,1292064,2548830208,181212,320472,2890000000,167560
1,38,Tue Apr 18 11:20:15 CEST 2017,1492507215059,0,930857,0,4443,0.0,733593600,13613,185561088,182296,1475603,10940,29354,15167,447012,4,0,0,0,247674,0,716400,47160134,1292064,2548830208,181212,320476,2890000000,167560
1,39,Tue Apr 18 11:20:15 CEST 2017,1492507215159,0,930857,0,4443,0.09090909090909091,733593600,13613,185561088,182296,1475788,10940,29354,15167,447012,4,0,0,0,247674,0,716400,47160274,1292064,2548830208,181212,320476,2900000000,167560
1,40,Tue Apr 18 11:20:15 CEST 2017,1492507215259,0,930857,0,4443,0.1111111111111111,733593600,13613,185561088,182300,1475975,10940,29358,15165,447004,4,0,0,0,247674,0,716400,47160508,1292072,2548830208,181212,320476,2910000000,167560
1,41,Tue Apr 18 11:20:15 CEST 2017,1492507215359,0,930857,0,4443,0.1111111111111111,733593600,13613,185561088,182300,1476161,10940,29358,15165,447004,4,0,0,0,247674,0,716400,47163633,1292072,2548830208,181212,320476,2920000000,167560
1,42,Tue Apr 18 11:20:15 CEST 2017,1492507215459,0,930857,0,4443,0.0,733593600,13613,185561088,182300,1476347,10940,29358,15165,447004,4,0,0,0,247674,0,716400,47163773,1292116,2548830208,181212,320476,2920000000,167560
1,43,Tue Apr 18 11:20:15 CEST 2017,1492507215559,0,930857,0,4443,0.1111111111111111,733593600,13613,185561088,182300,1476538,10940,29358,15165,447004,4,0,0,0,247674,0,716400,47163911,1292116,2548830208,181212,320476,2930000000,167560
1,44,Tue Apr 18 11:20:15 CEST 2017,1492507215659,0,930857,0,4443,0.1,733593600,13613,185561088,182300,1476726,10940,29358,15165,447004,4,0,0,0,247674,0,716400,47164050,1292116,2548830208,181212,320476,2940000000,167560
1,45,Tue Apr 18 11:20:15 CEST 2017,1492507215759,0,930857,0,4443,0.125,733593600,13613,185561088,182300,1476910,10940,29358,15165,447004,4,0,0,0,247674,0,716400,47164192,1292116,2548830208,181212,320476,2950000000,167560
1,46,Tue Apr 18 11:20:15 CEST 2017,1492507215859,0,930857,0,4443,0.08333333333333333,733593600,13613,185561088,182300,1477093,10940,29358,15165,447004,4,0,0,0,247674,0,716400,47164425,1292160,2548830208,181212,320476,2960000000,167560
1,47,Tue Apr 18 11:20:15 CEST 2017,1492507215959,0,930857,0,4443,0.14285714285714285,733593600,13613,185561088,182300,1477279,10940,29358,15165,447004,4,0,0,0,247674,0,716400,47167550,1292160,2548830208,181212,320476,2970000000,167560
1,48,Tue Apr 18 11:20:16 CEST 2017,1492507216059,0,930857,0,4443,0.1,733593600,13613,185561088,182300,1477461,10940,29358,15165,447004,4,0,0,0,247674,0,716400,47167690,1292160,2548830208,181212,320476,2980000000,167560
1,49,Tue Apr 18 11:20:16 CEST 2017,1492507216159,0,930857,0,4443,0.0,733593600,13613,185561088,182300,1477646,10940,29358,15165,447004,4,0,0,0,247674,0,716400,47167830,1292160,2548830208,181212,320476,2980000000,167560
1,50,Tue Apr 18 11:20:16 CEST 2017,1492507216259,0,930857,0,4443,0.1,733593600,13613,185561088,182300,1477834,10940,29358,15165,447004,4,0,0,0,247674,0,716400,47167967,1292160,2548830208,181212,320476,2990000000,167560
1,51,Tue Apr 18 11:20:16 CEST 2017,1492507216359,0,930857,0,4443,0.0,733593600,13613,185561088,182300,1478018,10940,29358,15165,447004,4,0,0,0,247674,0,716400,47168108,1292156,2548830208,181212,320476,2990000000,167560
2,1,Tue Apr 18 11:20:16 CEST 2017,1492507216590,0,930857,0,4443,0.6666666666666666,733593600,13613,183529472,182300,1479444,10940,29446,15077,446652,4,0,0,0,247674,0,716400,47169867,1296336,2548969472,177244,320476,3080000000,167657
2,2,Tue Apr 18 11:20:16 CEST 2017,1492507216690,0,930857,0,4443,0.0,733593600,13613,184893440,182300,1481191,10940,29501,15022,446432,4,0,0,0,247674,0,716400,47177189,1293080,2550022144,180560,320476,3080000000,167706
2,3,Tue Apr 18 11:20:16 CEST 2017,1492507216790,0,930857,0,4443,0.0,733593600,13613,184860672,182300,1481374,10940,29501,15022,446432,4,0,0,0,247674,0,716400,47183500,1293080,2550022144,180528,320476,3080000000,167706
2,4,Tue Apr 18 11:20:16 CEST 2017,1492507216890,0,930857,0,4443,0.1,733593600,13613,184860672,182300,1481559,10940,29501,15022,446432,4,0,0,0,247674,0,716400,47183635,1293080,2550022144,180528,320476,3090000000,167706
2,5,Tue Apr 18 11:20:16 CEST 2017,1492507216990,0,930857,0,4443,0.0,733593600,13613,184860672,182300,1481742,10940,29501,15022,446432,4,0,0,0,247674,0,716400,47183777,1293080,2550022144,180528,320476,3090000000,167706
2,6,Tue Apr 18 11:20:17 CEST 2017,1492507217090,0,930857,0,4443,0.1,733593600,13613,184860672,182300,1481928,10940,29501,15022,446432,4,0,0,0,247674,0,716400,47183916,1293080,2550022144,180528,320476,3100000000,167706
2,7,Tue Apr 18 11:20:17 CEST 2017,1492507217190,0,930857,0,4443,0.2222222222222222,733593600,13613,184860672,182300,1482112,10940,29501,15022,446432,4,0,0,0,247674,0,716400,47184056,1293080,2550022144,180528,320476,3120000000,167706
2,8,Tue Apr 18 11:20:17 CEST 2017,1492507217290,0,930857,0,4443,0.0,733593600,13613,184860672,182300,1482295,10940,29504,15019,446420,4,0,0,0,247674,0,716400,47184194,1293096,2550022144,180560,320476,3120000000,167706
2,9,Tue Apr 18 11:20:17 CEST 2017,1492507217390,0,930857,0,4443,0.1,733593600,13613,184893440,182300,1482480,10940,29504,15019,446420,4,0,0,0,247674,0,716400,47184336,1293096,2550022144,180560,320476,3130000000,167706
2,10,Tue Apr 18 11:20:17 CEST 2017,1492507217490,0,930857,0,4443,0.0,733593600,13613,184893440,182300,1482663,10940,29504,15019,446420,4,0,0,0,247674,0,716400,47184475,1293096,2550022144,180560,320476,3130000000,167706
2,11,Tue Apr 18 11:20:17 CEST 2017,1492507217590,0,930857,0,4443,0.09090909090909091,733593600,13613,184893440,182300,1482847,10940,29504,15019,446420,4,0,0,0,247674,0,716400,47184612,1293096,2550022144,180560,320476,3140000000,167706
2,12,Tue Apr 18 11:20:17 CEST 2017,1492507217690,0,930857,0,4443,0.2222222222222222,733593600,13613,184893440,182300,1483038,10940,29504,15019,446420,4,0,0,0,247674,0,716400,47184754,1293140,2550022144,180560,320476,3160000000,167706
2,13,Tue Apr 18 11:20:17 CEST 2017,1492507217790,0,930857,0,4443,0.0,733593600,13613,184893440,182300,1483222,10940,29504,15019,446420,4,0,0,0,247674,0,716400,47184894,1293140,2550022144,180560,320476,3160000000,167706
2,14,Tue Apr 18 11:20:17 CEST 2017,1492507217890,0,930857,0,4443,0.125,733593600,13613,184893440,182300,1483407,10940,29504,15019,446420,4,0,0,0,247674,0,716400,47185035,1293140,2550022144,180560,320476,3170000000,167706
2,15,Tue Apr 18 11:20:17 CEST 2017,1492507217990,0,930857,0,4443,0.0,733593600,13613,184893440,182300,1483594,10940,29504,15019,446420,4,0,0,0,247674,0,716400,47185174,1293140,2550022144,180560,320476,3170000000,167706
2,16,Tue Apr 18 11:20:18 CEST 2017,1492507218090,0,930857,0,4443,0.1111111111111111,733593600,13613,184893440,182300,1483778,10940,29504,15019,446420,4,0,0,0,247674,0,716400,47185317,1293140,2550022144,180560,320476,3180000000,167706
2,17,Tue Apr 18 11:20:18 CEST 2017,1492507218190,0,930857,0,4443,0.0,733593600,13613,184893440,182300,1483963,10940,29504,15019,446420,4,0,0,0,247674,0,716400,47185458,1293140,2550022144,180560,320476,3180000000,167706
2,18,Tue Apr 18 11:20:18 CEST 2017,1492507218290,0,930857,0,4443,0.0,733593600,13613,184893440,182300,1484145,10940,29504,15019,446420,4,0,0,0,247674,0,716400,47185597,1293144,2550022144,180560,320476,3180000000,167706
2,19,Tue Apr 18 11:20:18 CEST 2017,1492507218390,0,930857,0,4443,0.0,733593600,13613,184893440,182300,1484328,10940,29504,15019,446420,4,0,0,0,247674,0,716400,47185737,1293144,2550022144,180560,320476,3180000000,167706
2,20,Tue Apr 18 11:20:18 CEST 2017,1492507218490,0,930857,0,4443,0.1111111111111111,733593600,13613,184893440,182300,1484512,10940,29504,15019,446420,4,0,0,0,247674,0,716400,47185878,1293144,2550022144,180560,320476,3190000000,167706
2,21,Tue Apr 18 11:20:18 CEST 2017,1492507218590,0,930857,0,4443,0.0,733593600,13613,184893440,182300,1484695,10940,29504,15019,446420,4,0,0,0,247674,0,716400,47186017,1293144,2550022144,180560,320476,3190000000,167706
2,22,Tue Apr 18 11:20:18 CEST 2017,1492507218690,0,930857,0,4443,0.2222222222222222,733593600,13613,184893440,182300,1484881,10940,29504,15019,446420,4,0,0,0,247674,0,716400,47186155,1293144,2550022144,180560,320476,3210000000,167706
2,23,Tue Apr 18 11:20:18 CEST 2017,1492507218790,0,930857,0,4443,0.1,733593600,13613,184893440,182300,1485065,10940,29504,15019,446420,4,0,0,0,247674,0,716400,47186295,1293144,2550022144,180560,320476,3220000000,167706
2,24,Tue Apr 18 11:20:18 CEST 2017,1492507218890,0,930857,0,4443,0.0,733593600,13613,184893440,182300,1485250,10940,29504,15019,446420,4,0,0,0,247674,0,716400,47186433,1293144,2550022144,180560,320476,3220000000,167706
2,25,Tue Apr 18 11:20:18 CEST 2017,1492507218990,0,930857,0,4443,0.1,733593600,13613,184893440,182300,1485434,10940,29504,15019,446420,4,0,0,0,247674,0,716400,47186573,1293144,2550022144,180560,320476,3230000000,167706
2,26,Tue Apr 18 11:20:19 CEST 2017,1492507219090,0,930857,0,4443,0.1111111111111111,733593600,13613,184893440,182300,1485631,10940,29504,15019,446420,4,0,0,0,247674,0,716400,47186712,1293232,2550022144,180560,320476,3240000000,167706
2,27,Tue Apr 18 11:20:19 CEST 2017,1492507219190,0,930857,0,4443,0.1,733593600,13613,184893440,182300,1485815,10940,29504,15019,446420,4,0,0,0,247674,0,716400,47186852,1293232,2550022144,180560,320476,3250000000,167706
2,28,Tue Apr 18 11:20:19 CEST 2017,1492507219290,0,930857,0,4443,0.1,733593600,13613,184893440,182300,1485999,10940,29504,15019,446420,4,0,0,0,247674,0,716400,47186993,1293208,2550022144,180560,320476,3260000000,167706
2,29,Tue Apr 18 11:20:19 CEST 2017,1492507219390,0,930857,0,4443,0.0,733593600,13613,184893440,182300,1486181,10940,29504,15019,446420,4,0,0,0,247674,0,716400,47187132,1293208,2550022144,180560,320476,3260000000,167706
2,30,Tue Apr 18 11:20:19 CEST 2017,1492507219490,0,930857,0,4443,0.09090909090909091,733593600,13613,184893440,182300,1486365,10940,29504,15019,446420,4,0,0,0,247674,0,716400,47187273,1293208,2550022144,180560,320476,3270000000,167706
2,31,Tue Apr 18 11:20:19 CEST 2017,1492507219590,0,930857,0,4443,0.1111111111111111,733593600,13613,184893440,182300,1486552,10940,29504,15019,446420,4,0,0,0,247674,0,716400,47187412,1293208,2550022144,180560,320476,3280000000,167706
2,32,Tue Apr 18 11:20:19 CEST 2017,1492507219690,0,930857,0,4443,0.1,733593600,13613,184893440,182300,1486735,10940,29504,15019,446420,4,0,0,0,247674,0,716400,47187550,1293208,2550022144,180560,320476,3290000000,167706
2,33,Tue Apr 18 11:20:19 CEST 2017,1492507219790,0,930857,0,4443,0.0,733593600,13613,184893440,182300,1486926,10940,29504,15019,446420,4,0,0,0,247674,0,716400,47187688,1293252,2550022144,180560,320476,3290000000,167706
2,34,Tue Apr 18 11:20:19 CEST 2017,1492507219890,0,930857,0,4443,0.2222222222222222,733593600,13613,184893440,182300,1487506,10940,29504,15019,446420,4,0,0,0,247674,0,716400,47187828,1294792,2550022144,179072,320476,3310000000,167706
2,35,Tue Apr 18 11:20:19 CEST 2017,1492507219990,0,930857,0,4443,0.30000000000000004,733593600,13613,183369728,182300,1487693,10940,29504,15019,446420,4,0,0,0,247674,0,716400,47187967,1294836,2550022144,179072,320476,3340000000,167706
2,36,Tue Apr 18 11:20:20 CEST 2017,1492507220090,0,930857,0,4443,0.0,733593600,13613,183369728,182300,1487875,10940,29504,15019,446420,4,0,0,0,247674,0,716400,47188104,1294836,2550022144,179072,320476,3340000000,167706
2,37,Tue Apr 18 11:20:20 CEST 2017,1492507220190,0,930857,0,4443,0.2,733593600,13613,183369728,182292,1488077,10948,29504,15019,446420,4,0,0,0,247674,0,716400,47188244,1294836,2550022144,179072,320612,3360000000,167706
2,38,Tue Apr 18 11:20:20 CEST 2017,1492507220290,0,930857,0,4443,0.0,733593600,13613,183369728,182300,1488261,10948,29506,15019,446420,4,0,0,0,247674,0,716400,47188383,1294856,2550022144,179072,320612,3360000000,167706
2,39,Tue Apr 18 11:20:20 CEST 2017,1492507220390,0,930857,0,4443,0.0,733593600,13613,183369728,182300,1488448,10948,29506,15019,446420,4,0,0,0,247674,0,716400,47188518,1294856,2550022144,179072,320612,3360000000,167706
2,40,Tue Apr 18 11:20:20 CEST 2017,1492507220490,0,930857,0,4443,0.1111111111111111,733593600,13613,183369728,182300,1488633,10948,29506,15019,446420,4,0,0,0,247674,0,716400,47188654,1294856,2550022144,179072,320612,3370000000,167706
2,41,Tue Apr 18 11:20:20 CEST 2017,1492507220590,0,930857,0,4443,0.1,733593600,13613,183369728,182300,1488818,10948,29506,15019,446420,4,0,0,0,247674,0,716400,47188796,1294856,2550022144,179072,320612,3380000000,167706
2,42,Tue Apr 18 11:20:20 CEST 2017,1492507220690,0,930857,0,4443,0.2,733593600,13613,183369728,182300,1489000,10948,29506,15019,446420,4,0,0,0,247674,0,716400,47188934,1294856,2550022144,179072,320612,3400000000,167706
2,43,Tue Apr 18 11:20:20 CEST 2017,1492507220790,0,930857,0,4443,0.0,733593600,13613,183369728,182300,1489183,10948,29506,15019,446420,4,0,0,0,247674,0,716400,47189075,1294856,2550022144,179072,320612,3400000000,167706
2,44,Tue Apr 18 11:20:20 CEST 2017,1492507220890,0,930857,0,4443,0.0,733593600,13613,183369728,182300,1489365,10948,29506,15019,446420,4,0,0,0,247674,0,716400,47189213,1294856,2550022144,179072,320612,3400000000,167706
2,45,Tue Apr 18 11:20:20 CEST 2017,1492507220990,0,930857,0,4443,0.0,731484160,13613,187785216,180444,1489550,10784,29301,14714,449160,4,0,0,0,249510,0,714340,47190377,1288004,2550022144,183136,322672,3400000000,167827
2,46,Tue Apr 18 11:20:21 CEST 2017,1492507221090,0,930857,0,4443,0.1111111111111111,731484160,13613,187531264,180444,1489736,10784,29301,14714,449160,4,0,0,0,249510,0,714340,47190514,1288004,2550022144,183136,322672,3410000000,167827
2,47,Tue Apr 18 11:20:21 CEST 2017,1492507221190,0,930857,0,4443,0.09090909090909091,731484160,13613,187531264,180444,1489923,10784,29301,14714,449160,4,0,0,0,249510,0,714340,47190653,1288004,2550022144,183136,322672,3420000000,167827
2,48,Tue Apr 18 11:20:21 CEST 2017,1492507221290,0,930857,0,4443,0.0,731484160,13613,187531264,180456,1490105,10784,29303,14720,449184,4,0,0,0,249510,0,714340,47190791,1288008,2550022144,183136,322672,3420000000,167827
2,49,Tue Apr 18 11:20:21 CEST 2017,1492507221390,0,930857,0,4443,0.0,731484160,13613,187531264,180456,1490292,10784,29303,14720,449184,4,0,0,0,249510,0,714340,47190930,1288008,2550022144,183136,322672,3420000000,167827
2,50,Tue Apr 18 11:20:21 CEST 2017,1492507221490,0,930857,0,4443,0.1111111111111111,731484160,13613,187531264,180456,1490473,10784,29303,14720,449184,4,0,0,0,249510,0,714340,47191070,1288008,2550022144,183136,322672,3430000000,167827
2,51,Tue Apr 18 11:20:21 CEST 2017,1492507221590,0,930857,0,4443,0.09090909090909091,731484160,13613,187531264,180456,1490656,10784,29303,14720,449184,4,0,0,0,249510,0,714340,47191211,1288008,2550022144,183136,322672,3440000000,167827
2,52,Tue Apr 18 11:20:21 CEST 2017,1492507221690,0,930857,0,4443,0.2,731484160,13613,187531264,180456,1490656,10784,29303,14720,449184,4,0,0,0,249510,0,714340,47191211,1288008,2550022144,183136,322672,3460000000,167827
3,1,Tue Apr 18 11:20:21 CEST 2017,1492507221763,0,930857,0,4443,0.6666666666666666,731484160,13613,186007552,180456,1492682,10784,29303,14720,449184,4,0,0,0,249510,0,714340,47193098,1291044,2552127488,179904,322672,3510000000,167828
3,2,Tue Apr 18 11:20:21 CEST 2017,1492507221863,0,930857,0,4443,0.2222222222222222,731484160,13613,182198272,180456,1493993,10784,29303,14720,449184,4,0,0,0,249510,0,714340,47197640,1292804,2553180160,177928,322672,3530000000,167829
3,3,Tue Apr 18 11:20:21 CEST 2017,1492507221963,0,930857,0,4443,0.0,731484160,13613,182198272,180456,1494178,10784,29303,14720,449184,4,0,0,0,249510,0,714340,47202664,1292804,2553180160,177896,322672,3530000000,167829
3,4,Tue Apr 18 11:20:22 CEST 2017,1492507222063,0,930857,0,4443,0.1,731484160,13613,182165504,180456,1494362,10784,29303,14720,449184,4,0,0,0,249510,0,714340,47205699,1292804,2553180160,177896,322672,3540000000,167829
3,5,Tue Apr 18 11:20:22 CEST 2017,1492507222163,0,930857,0,4443,0.0,731484160,13613,182165504,180456,1494548,10784,29303,14720,449184,4,0,0,0,249510,0,714340,47207448,1292804,2553180160,177896,322672,3540000000,167829
3,6,Tue Apr 18 11:20:22 CEST 2017,1492507222263,0,930857,0,4443,0.0,731484160,13613,182165504,180460,1494732,10784,29305,14719,449180,4,0,0,0,249510,0,714340,47207588,1292812,2553180160,177928,322672,3540000000,167829
3,7,Tue Apr 18 11:20:22 CEST 2017,1492507222363,0,930857,0,4443,0.1111111111111111,731484160,13613,182198272,180460,1494919,10784,29305,14719,449180,4,0,0,0,249510,0,714340,47207730,1292856,2553180160,177928,322672,3550000000,167829
3,8,Tue Apr 18 11:20:22 CEST 2017,1492507222463,0,930857,0,4443,0.0,731484160,13613,182198272,180460,1495101,10784,29305,14719,449180,4,0,0,0,249510,0,714340,47207871,1292856,2553180160,177928,322672,3550000000,167829
3,9,Tue Apr 18 11:20:22 CEST 2017,1492507222563,0,930857,0,4443,0.1,731484160,13613,182198272,180460,1495285,10784,29305,14719,449180,4,0,0,0,249510,0,714340,47208010,1292856,2553180160,177928,322672,3560000000,167829
3,10,Tue Apr 18 11:20:22 CEST 2017,1492507222663,0,930857,0,4443,0.0,731484160,13613,182198272,180460,1495469,10784,29822,14202,447112,4,0,0,0,249510,0,714340,47209313,1290436,2553180160,182268,322672,3560000000,168354
3,11,Tue Apr 18 11:20:22 CEST 2017,1492507222763,0,930857,0,4443,0.1111111111111111,731484160,13613,186732544,180460,1495654,10784,29822,14202,447112,4,0,0,0,249510,0,714340,47209449,1290436,2553180160,182356,322672,3570000000,168354
3,12,Tue Apr 18 11:20:22 CEST 2017,1492507222863,0,930857,0,4443,0.2222222222222222,731484160,13613,186732544,180460,1495857,10784,29822,14202,447112,4,0,0,0,249510,0,714340,47209586,1290480,2553180160,182356,322672,3590000000,168354
3,13,Tue Apr 18 11:20:22 CEST 2017,1492507222963,0,930857,0,4443,0.2727272727272727,731484160,13613,186732544,180460,1496042,10784,29822,14202,447112,4,0,0,0,249510,0,714340,47209727,1290480,2553180160,182356,322672,3620000000,168354
3,14,Tue Apr 18 11:20:23 CEST 2017,1492507223063,0,930857,0,4443,0.0,731484160,13613,186732544,180460,1496225,10784,29822,14202,447112,4,0,0,0,249510,0,714340,47209865,1290524,2553180160,182356,322672,3620000000,168354
3,15,Tue Apr 18 11:20:23 CEST 2017,1492507223163,0,930857,0,4443,0.1111111111111111,731484160,13613,186732544,180460,1496408,10784,29822,14202,447112,4,0,0,0,249510,0,714340,47210006,1290480,2553180160,182356,322672,3630000000,168354
3,16,Tue Apr 18 11:20:23 CEST 2017,1492507223263,0,930857,0,4443,0.1,731484160,13613,186732544,180460,1496592,10784,29830,14194,447080,4,0,0,0,249510,0,714340,47210142,1290528,2553180160,182392,322672,3640000000,168354
3,17,Tue Apr 18 11:20:23 CEST 2017,1492507223363,0,930857,0,4443,0.0,731484160,13613,186769408,180460,1496775,10784,29830,14194,447080,4,0,0,0,249510,0,714340,47210282,1290528,2553180160,182392,322672,3640000000,168354
3,18,Tue Apr 18 11:20:23 CEST 2017,1492507223463,0,930857,0,4443,0.0,731484160,13613,186769408,180460,1496957,10784,29830,14194,447080,4,0,0,0,249510,0,714340,47210424,1290528,2553180160,182392,322672,3640000000,168354
3,19,Tue Apr 18 11:20:23 CEST 2017,1492507223563,0,930857,0,4443,0.09090909090909091,731484160,13613,186769408,180460,1497143,10784,29830,14194,447080,4,0,0,0,249510,0,714340,47210563,1290528,2553180160,182392,322672,3650000000,168354
3,20,Tue Apr 18 11:20:23 CEST 2017,1492507223663,0,930857,0,4443,0.0,731484160,13613,186769408,180460,1497328,10784,29830,14194,447080,4,0,0,0,249510,0,714340,47210702,1290528,2553180160,182392,322672,3650000000,168354
3,21,Tue Apr 18 11:20:23 CEST 2017,1492507223763,0,930857,0,4443,0.0,731484160,13613,186769408,180460,1497510,10784,29830,14194,447080,4,0,0,0,249510,0,714340,47210840,1290528,2553180160,182392,322672,3650000000,168354
3,22,Tue Apr 18 11:20:23 CEST 2017,1492507223863,0,930857,0,4443,0.1,731484160,13613,186769408,180460,1497693,10784,29830,14194,447080,4,0,0,0,249510,0,714340,47210976,1290528,2553180160,182392,322672,3660000000,168354
3,23,Tue Apr 18 11:20:23 CEST 2017,1492507223963,0,930857,0,4443,0.0,731484160,13613,186769408,180460,1497880,10784,29830,14194,447080,4,0,0,0,249510,0,714340,47211115,1290528,2553180160,182392,322672,3660000000,168354
3,24,Tue Apr 18 11:20:24 CEST 2017,1492507224063,0,930857,0,4443,0.1,731484160,13613,186769408,180460,1498059,10784,29830,14194,447080,4,0,0,0,249510,0,714340,47211254,1290528,2553180160,182392,322672,3670000000,168354
3,25,Tue Apr 18 11:20:24 CEST 2017,1492507224163,0,930857,0,4443,0.3,731484160,13613,186769408,180460,1498263,10784,29830,14194,447080,4,0,0,0,249510,0,714340,47211394,1290616,2553180160,182392,322672,3700000000,168354
3,26,Tue Apr 18 11:20:24 CEST 2017,1492507224263,0,930857,0,4443,0.1,731484160,13613,186769408,180460,1498445,10784,29830,14194,447080,4,0,0,0,249510,0,714340,47211533,1290616,2553180160,182392,322672,3710000000,168354
3,27,Tue Apr 18 11:20:24 CEST 2017,1492507224363,0,930857,0,4443,0.1111111111111111,731484160,13613,186769408,180460,1498638,10784,29830,14194,447080,4,0,0,0,249510,0,714340,47211672,1290628,2553180160,182392,322672,3720000000,168354
3,28,Tue Apr 18 11:20:24 CEST 2017,1492507224463,0,930857,0,4443,0.4,731484160,13613,186769408,180460,1498823,10784,29830,14194,447080,4,0,0,0,249510,0,714340,47211811,1290672,2553180160,182392,322672,3760000000,168354
3,29,Tue Apr 18 11:20:24 CEST 2017,1492507224563,0,930857,0,4443,0.0,731484160,13613,186769408,180460,1499007,10784,29830,14194,447080,4,0,0,0,249510,0,714340,47211951,1290672,2553180160,182392,322672,3760000000,168354
3,30,Tue Apr 18 11:20:24 CEST 2017,1492507224663,0,930857,0,4443,0.1,731484160,13613,186769408,180460,1499189,10784,29830,14194,447080,4,0,0,0,249510,0,714340,47212088,1290672,2553180160,182392,322672,3770000000,168354
3,31,Tue Apr 18 11:20:24 CEST 2017,1492507224763,0,930857,0,4443,0.0,731484160,13613,186769408,180460,1499373,10784,29830,14194,447080,4,0,0,0,249510,0,714340,47212227,1290672,2553180160,182392,322672,3770000000,168354
3,32,Tue Apr 18 11:20:24 CEST 2017,1492507224863,0,930857,0,4443,0.2222222222222222,731484160,13613,186769408,180460,1499558,10784,29830,14194,447080,4,0,0,0,249510,0,714340,47212365,1290672,2553180160,182392,322672,3790000000,168354
3,33,Tue Apr 18 11:20:24 CEST 2017,1492507224963,0,930857,0,4443,0.0,731484160,13613,186769408,180460,1499739,10784,29830,14194,447080,4,0,0,0,249510,0,714340,47212504,1290672,2553180160,182392,322672,3790000000,168354
3,34,Tue Apr 18 11:20:25 CEST 2017,1492507225063,0,930857,0,4443,0.0,731484160,13613,186769408,180460,1499925,10784,29830,14194,447080,4,0,0,0,249510,0,714340,47212644,1290672,2553180160,182392,322672,3790000000,168354
3,35,Tue Apr 18 11:20:25 CEST 2017,1492507225163,0,930857,0,4443,0.0,731484160,13613,186769408,180460,1500110,10784,29830,14194,447080,4,0,0,0,249510,0,714340,47212784,1290672,2553180160,182392,322672,3790000000,168354
3,36,Tue Apr 18 11:20:25 CEST 2017,1492507225263,0,930857,0,4443,0.0,731484160,13613,186769408,180456,1500290,10792,29830,14194,447080,4,0,0,0,249510,0,714340,47212921,1290668,2553180160,182392,322700,3790000000,168354
3,37,Tue Apr 18 11:20:25 CEST 2017,1492507225363,0,930857,0,4443,0.0,731484160,13613,186769408,180456,1500475,10792,29830,14194,447080,4,0,0,0,249510,0,714340,47213061,1290668,2553180160,182392,322700,3790000000,168354
3,38,Tue Apr 18 11:20:25 CEST 2017,1492507225463,0,930857,0,4443,0.1,731484160,13613,186769408,180456,1500657,10792,29830,14194,447080,4,0,0,0,249510,0,714340,47213199,1290668,2553180160,182392,322700,3800000000,168354
3,39,Tue Apr 18 11:20:25 CEST 2017,1492507225563,0,930857,0,4443,0.0,731484160,13613,186769408,180456,1500843,10792,29830,14194,447080,4,0,0,0,249510,0,714340,47213338,1290668,2553180160,182392,322700,3800000000,168354
3,40,Tue Apr 18 11:20:25 CEST 2017,1492507225663,0,930857,0,4443,0.1,731484160,13613,186769408,180456,1501026,10792,29830,14194,447080,4,0,0,0,249510,0,714340,47213479,1290668,2553180160,182392,322700,3810000000,168354
3,41,Tue Apr 18 11:20:25 CEST 2017,1492507225763,0,930857,0,4443,0.0,731484160,13613,186769408,180456,1501211,10792,29830,14194,447080,4,0,0,0,249510,0,714340,47213617,1290668,2553180160,182392,322700,3810000000,168354
3,42,Tue Apr 18 11:20:25 CEST 2017,1492507225863,0,930857,0,4443,0.0,731484160,13613,186769408,180456,1501395,10792,29830,14194,447080,4,0,0,0,249510,0,714340,47213756,1290668,2553180160,182392,322700,3810000000,168354
3,43,Tue Apr 18 11:20:25 CEST 2017,1492507225963,0,930857,0,4443,0.2,731484160,13613,186769408,180456,1501577,10792,29830,14194,447080,4,0,0,0,249510,0,714340,47213895,1290668,2553180160,182392,322700,3830000000,168354
3,44,Tue Apr 18 11:20:26 CEST 2017,1492507226063,0,930857,0,4443,0.0,731484160,13613,186769408,180456,1501761,10792,29830,14194,447080,4,0,0,0,249510,0,714340,47214034,1290668,2553180160,182392,322700,3830000000,168354
3,45,Tue Apr 18 11:20:26 CEST 2017,1492507226163,0,930857,0,4443,0.1,731484160,13613,186769408,180456,1501945,10792,29830,14194,447080,4,0,0,0,249510,0,714340,47214173,1290668,2553180160,182392,322700,3840000000,168354
3,46,Tue Apr 18 11:20:26 CEST 2017,1492507226263,0,930857,0,4443,0.1,731484160,13613,186769408,180460,1502127,10792,29832,14194,447080,4,0,0,0,249510,0,714340,47214312,1290680,2553180160,182392,322700,3850000000,168354
3,47,Tue Apr 18 11:20:26 CEST 2017,1492507226363,0,930857,0,4443,0.0,731484160,13613,186769408,180460,1502311,10792,29832,14194,447080,4,0,0,0,249510,0,714340,47214454,1290680,2553180160,182392,322700,3850000000,168354
3,48,Tue Apr 18 11:20:26 CEST 2017,1492507226463,0,930857,0,4443,0.1,731484160,13613,186769408,180460,1502496,10792,29832,14194,447080,4,0,0,0,249510,0,714340,47214592,1290680,2553180160,182392,322700,3860000000,168354
3,49,Tue Apr 18 11:20:26 CEST 2017,1492507226563,0,930857,0,4443,0.0,731484160,13613,186769408,180460,1502680,10792,29832,14194,447080,4,0,0,0,249510,0,714340,47214730,1290680,2553180160,182392,322700,3860000000,168354
3,50,Tue Apr 18 11:20:26 CEST 2017,1492507226663,0,930857,0,4443,0.0,731484160,13613,186769408,180460,1502863,10792,29832,14194,447080,4,0,0,0,249510,0,714340,47214869,1290680,2553180160,182392,322700,3860000000,168354
3,51,Tue Apr 18 11:20:26 CEST 2017,1492507226763,0,930857,0,4443,0.0,731484160,13613,186769408,180460,1503046,10792,29832,14194,447080,4,0,0,0,249510,0,714340,47215005,1290680,2553180160,182392,322700,3860000000,168354
3,52,Tue Apr 18 11:20:26 CEST 2017,1492507226863,0,930857,0,4443,0.1,731484160,13613,186769408,180460,1503046,10792,29832,14194,447080,4,0,0,0,249510,0,714340,47215005,1290680,2553180160,182392,322700,3870000000,168354
